city;apartment_price_m2;house_price_m2;county;settlement_type
Beremend;189000;0;Baranya;nagyközség
Bogád;399000;0;Baranya;község
Bóly;339000;0;Baranya;város
Harkány;570000;0;Baranya;város
Hosszúhetény;578000;0;Baranya;község
Komló;243000;79000;Baranya;város
Kozármisleny;712000;0;Baranya;város
Kővágószőlős;265000;0;Baranya;község
Mecseknádasd;198000;0;Baranya;község
Mohács;330000;114000;Baranya;város
Pécs;583000;266000;Baranya;megyeszékhely
Pécsvárad;302000;0;Baranya;város
Sásd;257000;0;Baranya;város
Sátorhely;218000;0;Baranya;község
Sellye;178000;0;Baranya;város
Siklós;340000;145000;Baranya;város
Szalánta;163000;0;Baranya;község
Szederkény;232000;0;Baranya;község
Szentlőrinc;383000;0;Baranya;város
Szigetvár;308000;137000;Baranya;város
Villány;318000;0;Baranya;város
Abaújszántó;154000;163000;Borsod-Abaúj-Zemplén;város
Alsózsolca;240000;249000;Borsod-Abaúj-Zemplén;város
Arló;92000;95000;Borsod-Abaúj-Zemplén;nagyközség
Arnót;318000;438000;Borsod-Abaúj-Zemplén;község
Ároktő;71000;71000;Borsod-Abaúj-Zemplén;község
Aszaló;152000;155000;Borsod-Abaúj-Zemplén;község
Bánhorváti;242000;0;Borsod-Abaúj-Zemplén;község
Bánréve;103000;106000;Borsod-Abaúj-Zemplén;község
Bekecs;170000;168000;Borsod-Abaúj-Zemplén;község
Berente;285000;0;Borsod-Abaúj-Zemplén;község
Bodroghalom;128000;128000;Borsod-Abaúj-Zemplén;község
Bodrogolaszi;204000;206000;Borsod-Abaúj-Zemplén;község
Bogács;378000;376000;Borsod-Abaúj-Zemplén;község
Boldva;163000;200000;Borsod-Abaúj-Zemplén;község
Borsodnádasd;57000;52000;Borsod-Abaúj-Zemplén;város
Bőcs;186000;177000;Borsod-Abaúj-Zemplén;község
Bükkábrány;233000;233000;Borsod-Abaúj-Zemplén;község
Cserépfalu;257000;290000;Borsod-Abaúj-Zemplén;község
Csernely;130000;130000;Borsod-Abaúj-Zemplén;község
Csobád;93000;0;Borsod-Abaúj-Zemplén;község
Csobaj;78000;0;Borsod-Abaúj-Zemplén;község
Csokvaomány;46000;46000;Borsod-Abaúj-Zemplén;község
Dédestapolcsány;86000;86000;Borsod-Abaúj-Zemplén;község
Edelény;205000;254000;Borsod-Abaúj-Zemplén;város
Emőd;288000;299000;Borsod-Abaúj-Zemplén;város
Encs;249000;219000;Borsod-Abaúj-Zemplén;város
Erdőbénye;110000;90000;Borsod-Abaúj-Zemplén;község
Farkaslyuk;64000;77000;Borsod-Abaúj-Zemplén;község
Felsőnyárád;157000;0;Borsod-Abaúj-Zemplén;község
Felsőzsolca;308000;296000;Borsod-Abaúj-Zemplén;város
Forró;164000;151000;Borsod-Abaúj-Zemplén;község
Gesztely;215000;191000;Borsod-Abaúj-Zemplén;község
Gönc;251000;251000;Borsod-Abaúj-Zemplén;város
Halmaj;192000;206000;Borsod-Abaúj-Zemplén;község
Hangony;68000;64000;Borsod-Abaúj-Zemplén;község
Harsány;279000;279000;Borsod-Abaúj-Zemplén;község
Hejőkeresztúr;236000;0;Borsod-Abaúj-Zemplén;község
Hercegkút;150000;150000;Borsod-Abaúj-Zemplén;község
Hernádkak;302000;308000;Borsod-Abaúj-Zemplén;község
Hernádnémeti;219000;227000;Borsod-Abaúj-Zemplén;nagyközség
Hidasnémeti;218000;340000;Borsod-Abaúj-Zemplén;község
Hollóháza;109000;0;Borsod-Abaúj-Zemplén;község
Igrici;139000;0;Borsod-Abaúj-Zemplén;község
Ináncs;184000;0;Borsod-Abaúj-Zemplén;község
Izsófalva;68000;0;Borsod-Abaúj-Zemplén;nagyközség
Járdánháza;73000;0;Borsod-Abaúj-Zemplén;község
Kazincbarcika;305000;346000;Borsod-Abaúj-Zemplén;város
Királd;57000;0;Borsod-Abaúj-Zemplén;község
Kistokaj;534000;543000;Borsod-Abaúj-Zemplén;község
Kurityán;80000;0;Borsod-Abaúj-Zemplén;község
Lénárddaróc;76000;76000;Borsod-Abaúj-Zemplén;község
Mád;218000;227000;Borsod-Abaúj-Zemplén;község
Mályi;426000;440000;Borsod-Abaúj-Zemplén;község
Megyaszó;79000;67000;Borsod-Abaúj-Zemplén;község
Mezőcsát;163000;167000;Borsod-Abaúj-Zemplén;város
Mezőkeresztes;152000;186000;Borsod-Abaúj-Zemplén;város
Mezőkövesd;341000;293000;Borsod-Abaúj-Zemplén;város
Mezőzombor;161000;181000;Borsod-Abaúj-Zemplén;község
Miskolc;407000;394000;Borsod-Abaúj-Zemplén;megyeszékhely
Múcsony;154000;228000;Borsod-Abaúj-Zemplén;nagyközség
Novajidrány;222000;0;Borsod-Abaúj-Zemplén;község
Nyékládháza;325000;326000;Borsod-Abaúj-Zemplén;város
Onga;326000;369000;Borsod-Abaúj-Zemplén;város
Ónod;169000;169000;Borsod-Abaúj-Zemplén;község
Ormosbánya;50000;0;Borsod-Abaúj-Zemplén;község
Ózd;145000;135000;Borsod-Abaúj-Zemplén;város
Pálháza;232000;228000;Borsod-Abaúj-Zemplén;város
Parasznya;187000;0;Borsod-Abaúj-Zemplén;község
Putnok;120000;105000;Borsod-Abaúj-Zemplén;város
Rátka;226000;226000;Borsod-Abaúj-Zemplén;község
Rudabánya;48000;0;Borsod-Abaúj-Zemplén;város
Rudolftelep;104000;0;Borsod-Abaúj-Zemplén;község
Sajóbábony;199000;0;Borsod-Abaúj-Zemplén;város
Sajókeresztúr;320000;320000;Borsod-Abaúj-Zemplén;község
Sajónémeti;50000;0;Borsod-Abaúj-Zemplén;község
Sajóörös;430000;430000;Borsod-Abaúj-Zemplén;község
Sajószentpéter;275000;313000;Borsod-Abaúj-Zemplén;város
Sajószöged;339000;360000;Borsod-Abaúj-Zemplén;község
Sajóvelezd;145000;145000;Borsod-Abaúj-Zemplén;község
Sárospatak;334000;293000;Borsod-Abaúj-Zemplén;város
Sáta;46000;46000;Borsod-Abaúj-Zemplén;község
Sátoraljaújhely;223000;230000;Borsod-Abaúj-Zemplén;város
Serényfalva;135000;165000;Borsod-Abaúj-Zemplén;község
Szendrő;50000;25000;Borsod-Abaúj-Zemplén;város
Szentistván;172000;172000;Borsod-Abaúj-Zemplén;nagyközség
Szerencs;220000;200000;Borsod-Abaúj-Zemplén;város
Szikszó;246000;206000;Borsod-Abaúj-Zemplén;város
Szirmabesenyő;402000;416000;Borsod-Abaúj-Zemplén;nagyközség
Szomolya;276000;276000;Borsod-Abaúj-Zemplén;község
Taktaharkány;154000;149000;Borsod-Abaúj-Zemplén;nagyközség
Tállya;181000;207000;Borsod-Abaúj-Zemplén;község
Tarcal;186000;201000;Borsod-Abaúj-Zemplén;község
Tard;168000;168000;Borsod-Abaúj-Zemplén;község
Tibolddaróc;166000;166000;Borsod-Abaúj-Zemplén;község
Tiszaladány;120000;0;Borsod-Abaúj-Zemplén;község
Tiszalúc;82000;94000;Borsod-Abaúj-Zemplén;nagyközség
Tiszapalkonya;208000;208000;Borsod-Abaúj-Zemplén;község
Tiszaújváros;445000;402000;Borsod-Abaúj-Zemplén;város
Tokaj;299000;268000;Borsod-Abaúj-Zemplén;város
Tolcsva;147000;147000;Borsod-Abaúj-Zemplén;község
Újcsanálos;101000;96000;Borsod-Abaúj-Zemplén;község
Uppony;60000;60000;Borsod-Abaúj-Zemplén;község
Vatta;284000;284000;Borsod-Abaúj-Zemplén;község
Budapest 01. Kerület;1274000;0;Budapest;főváros
Budapest 02. Kerület;1276000;1165000;Budapest;főváros
Budapest 03. Kerület;982000;1071000;Budapest;főváros
Budapest 04. Kerület;858000;832000;Budapest;főváros
Budapest 05. Kerület;1452000;0;Budapest;főváros
Budapest 06. Kerület;1132000;0;Budapest;főváros
Budapest 07. Kerület;1021000;0;Budapest;főváros
Budapest 08. Kerület;941000;1384000;Budapest;főváros
Budapest 09. Kerület;1047000;859000;Budapest;főváros
Budapest 10. Kerület;799000;721000;Budapest;főváros
Budapest 11. Kerület;1130000;1228000;Budapest;főváros
Budapest 12. Kerület;1250000;1439000;Budapest;főváros
Budapest 13. Kerület;1089000;1093000;Budapest;főváros
Budapest 14. Kerület;940000;978000;Budapest;főváros
Budapest 15. Kerület;789000;707000;Budapest;főváros
Budapest 16. Kerület;877000;843000;Budapest;főváros
Budapest 17. Kerület;781000;687000;Budapest;főváros
Budapest 18. Kerület;775000;672000;Budapest;főváros
Budapest 19. Kerület;774000;650000;Budapest;főváros
Budapest 20. Kerület;723000;641000;Budapest;főváros
Budapest 21. Kerület;705000;670000;Budapest;főváros
Budapest 22. Kerület;882000;872000;Budapest;főváros
Budapest 23. Kerület;645000;561000;Budapest;főváros
Akasztó;160000;171000;Bács-Kiskun;község
Apostag;263000;258000;Bács-Kiskun;község
Bácsalmás;122000;133000;Bács-Kiskun;város
Bácsbokod;113000;122000;Bács-Kiskun;nagyközség
Baja;411000;361000;Bács-Kiskun;megyei jogú város
Ballószög;577000;577000;Bács-Kiskun;község
Bátmonostor;208000;208000;Bács-Kiskun;község
Bátya;197000;187000;Bács-Kiskun;község
Bócsa;379000;379000;Bács-Kiskun;község
Borota;46000;46000;Bács-Kiskun;község
Bugac;291000;291000;Bács-Kiskun;nagyközség
Császártöltés;32000;32000;Bács-Kiskun;község
Csátalja;69000;58000;Bács-Kiskun;község
Csávoly;111000;111000;Bács-Kiskun;község
Csengőd;154000;154000;Bács-Kiskun;község
Csikéria;120000;120000;Bács-Kiskun;község
Dávod;136000;138000;Bács-Kiskun;község
Dunaegyháza;240000;253000;Bács-Kiskun;község
Dunafalva;220000;220000;Bács-Kiskun;község
Dunapataj;226000;226000;Bács-Kiskun;nagyközség
Dunavecse;247000;216000;Bács-Kiskun;város
Dusnok;311000;290000;Bács-Kiskun;község
Érsekcsanád;213000;205000;Bács-Kiskun;község
Felsőszentiván;148000;151000;Bács-Kiskun;község
Foktő;258000;258000;Bács-Kiskun;község
Fülöpszállás;92000;92000;Bács-Kiskun;község
Gara;148000;154000;Bács-Kiskun;község
Hajós;188000;169000;Bács-Kiskun;város
Harkakötöny;271000;314000;Bács-Kiskun;község
Harta;193000;174000;Bács-Kiskun;nagyközség
Helvécia;506000;460000;Bács-Kiskun;nagyközség
Hercegszántó;70000;70000;Bács-Kiskun;község
Izsák;289000;351000;Bács-Kiskun;város
Jakabszállás;263000;250000;Bács-Kiskun;község
Jánoshalma;121000;95000;Bács-Kiskun;város
Jászszentlászló;284000;284000;Bács-Kiskun;község
Kalocsa;371000;330000;Bács-Kiskun;város
Kaskantyú;213000;213000;Bács-Kiskun;község
Katymár;51000;51000;Bács-Kiskun;község
Kecel;218000;202000;Bács-Kiskun;város
Kecskemét;586000;517000;Bács-Kiskun;megyeszékhely
Kelebia;95000;0;Bács-Kiskun;község
Kerekegyháza;377000;370000;Bács-Kiskun;város
Kiskőrös;409000;315000;Bács-Kiskun;város
Kiskunfélegyháza;435000;387000;Bács-Kiskun;város
Kiskunhalas;362000;328000;Bács-Kiskun;város
Kiskunmajsa;259000;250000;Bács-Kiskun;város
Kömpöc;158000;158000;Bács-Kiskun;község
Kunadacs;261000;0;Bács-Kiskun;község
Kunbaja;87000;87000;Bács-Kiskun;község
Kunfehértó;247000;253000;Bács-Kiskun;község
Kunpeszér;244000;244000;Bács-Kiskun;község
Kunszállás;466000;466000;Bács-Kiskun;község
Kunszentmiklós;315000;290000;Bács-Kiskun;város
Lajosmizse;495000;452000;Bács-Kiskun;város
Lakitelek;325000;321000;Bács-Kiskun;nagyközség
Madaras;65000;65000;Bács-Kiskun;község
Mélykút;90000;87000;Bács-Kiskun;város
Móricgát;349000;350000;Bács-Kiskun;község
Nagybaracska;94000;102000;Bács-Kiskun;község
Nemesnádudvar;99000;99000;Bács-Kiskun;község
Öregcsertő;48000;0;Bács-Kiskun;község
Petőfiszállás;299000;299000;Bács-Kiskun;község
Rém;49000;49000;Bács-Kiskun;község
Solt;289000;296000;Bács-Kiskun;város
Soltszentimre;150000;150000;Bács-Kiskun;község
Soltvadkert;285000;276000;Bács-Kiskun;város
Sükösd;140000;121000;Bács-Kiskun;nagyközség
Szabadszállás;267000;231000;Bács-Kiskun;város
Szalkszentmárton;290000;290000;Bács-Kiskun;község
Szank;212000;215000;Bács-Kiskun;község
Szentkirály;440000;440000;Bács-Kiskun;község
Szeremle;111000;121000;Bács-Kiskun;község
Tass;278000;311000;Bács-Kiskun;község
Tataháza;83000;83000;Bács-Kiskun;község
Tiszaalpár;210000;202000;Bács-Kiskun;nagyközség
Tiszakécske;334000;298000;Bács-Kiskun;város
Tiszaug;387000;387000;Bács-Kiskun;község
Tompa;97000;97000;Bács-Kiskun;város
Városföld;505000;509000;Bács-Kiskun;község
Vaskút;189000;189000;Bács-Kiskun;nagyközség
Zsana;191000;191000;Bács-Kiskun;község
Battonya;138000;0;Békés;város
Békés;259000;231000;Békés;város
Békéscsaba;377000;352000;Békés;megyeszékhely
Békéssámson;111000;96000;Békés;község
Békésszentandrás;236000;236000;Békés;nagyközség
Bucsa;131000;131000;Békés;község
Csorvás;150000;150000;Békés;város
Dévaványa;158000;159000;Békés;város
Doboz;132000;132000;Békés;nagyközség
Elek;149000;145000;Békés;város
Füzesgyarmat;183000;174000;Békés;város
Gádoros;99000;99000;Békés;nagyközség
Gerendás;109000;109000;Békés;község
Gyomaendrőd;248000;171000;Békés;város
Gyula;391000;363000;Békés;város
Kamut;178000;178000;Békés;község
Kardos;124000;124000;Békés;község
Kaszaper;108000;81000;Békés;község
Kétegyháza;119000;144000;Békés;nagyközség
Kondoros;184000;181000;Békés;város
Körösladány;133000;130000;Békés;város
Köröstarcsa;96000;98000;Békés;község
Kunágota;83000;83000;Békés;község
Lőkösháza;126000;0;Békés;község
Medgyesegyháza;128000;144000;Békés;város
Méhkerék;129000;129000;Békés;község
Mezőberény;235000;233000;Békés;város
Mezőhegyes;110000;120000;Békés;város
Mezőkovácsháza;163000;132000;Békés;város
Murony;138000;138000;Békés;község
Nagyszénás;171000;168000;Békés;nagyközség
Okány;103000;103000;Békés;község
Orosháza;284000;230000;Békés;város
Pusztaföldvár;107000;107000;Békés;község
Sarkad;151000;150000;Békés;város
Sarkadkeresztúr;74000;91000;Békés;község
Szabadkígyós;146000;173000;Békés;község
Szarvas;303000;256000;Békés;város
Szeghalom;269000;222000;Békés;város
Telekgerendás;212000;212000;Békés;község
Tótkomlós;147000;128000;Békés;város
Újkígyós;174000;175000;Békés;város
Vésztő;163000;154000;Békés;város
Algyő;457000;444000;Csongrád-Csanád;nagyközség
Ambrózfalva;27000;31000;Csongrád-Csanád;község
Apátfalva;106000;104000;Csongrád-Csanád;község
Ásotthalom;231000;231000;Csongrád-Csanád;nagyközség
Baks;135000;135000;Csongrád-Csanád;község
Balástya;339000;339000;Csongrád-Csanád;község
Bordány;328000;328000;Csongrád-Csanád;nagyközség
Csanádpalota;86000;86000;Csongrád-Csanád;város
Csanytelek;100000;100000;Csongrád-Csanád;község
Csengele;226000;226000;Csongrád-Csanád;község
Csongrád;289000;216000;Csongrád-Csanád;város
Derekegyház;149000;149000;Csongrád-Csanád;község
Deszk;453000;454000;Csongrád-Csanád;község
Domaszék;336000;332000;Csongrád-Csanád;község
Fábiánsebestyén;153000;148000;Csongrád-Csanád;község
Felgyő;254000;241000;Csongrád-Csanád;község
Ferencszállás;225000;225000;Csongrád-Csanád;község
Forráskút;266000;266000;Csongrád-Csanád;község
Földeák;136000;135000;Csongrád-Csanád;község
Hódmezővásárhely;408000;350000;Csongrád-Csanád;megyei jogú város
Kistelek;298000;281000;Csongrád-Csanád;város
Kiszombor;223000;224000;Csongrád-Csanád;nagyközség
Klárafalva;228000;228000;Csongrád-Csanád;község
Kübekháza;299000;299000;Csongrád-Csanád;község
Magyarcsanád;64000;64000;Csongrád-Csanád;község
Makó;313000;258000;Csongrád-Csanád;város
Maroslele;278000;278000;Csongrád-Csanád;község
Mártély;285000;268000;Csongrád-Csanád;község
Mindszent;156000;76000;Csongrád-Csanád;város
Mórahalom;468000;436000;Csongrád-Csanád;város
Nagyér;35000;35000;Csongrád-Csanád;község
Nagylak;93000;0;Csongrád-Csanád;község
Nagymágocs;149000;149000;Csongrád-Csanád;nagyközség
Óföldeák;114000;114000;Csongrád-Csanád;község
Ópusztaszer;205000;205000;Csongrád-Csanád;község
Pitvaros;69000;69000;Csongrád-Csanád;község
Pusztamérges;152000;152000;Csongrád-Csanád;község
Röszke;334000;334000;Csongrád-Csanád;község
Ruzsa;240000;240000;Csongrád-Csanád;község
Sándorfalva;458000;455000;Csongrád-Csanád;város
Szatymaz;412000;457000;Csongrád-Csanád;község
Szeged;674000;633000;Csongrád-Csanád;megyeszékhely
Szegvár;217000;217000;Csongrád-Csanád;nagyközség
Székkutas;153000;75000;Csongrád-Csanád;község
Szentes;365000;302000;Csongrád-Csanád;város
Tiszasziget;308000;308000;Csongrád-Csanád;község
Tömörkény;138000;138000;Csongrád-Csanád;község
Újszentiván;510000;555000;Csongrád-Csanád;község
Üllés;297000;297000;Csongrád-Csanád;nagyközség
Zákányszék;318000;299000;Csongrád-Csanád;község
Zsombó;539000;555000;Csongrád-Csanád;nagyközség
Aba;321000;313000;Fejér;város
Adony;424000;404000;Fejér;város
Alap;187000;187000;Fejér;község
Alcsútdoboz;437000;0;Fejér;község
Alsószentiván;74000;74000;Fejér;község
Bakonycsernye;134000;0;Fejér;nagyközség
Baracs;355000;370000;Fejér;község
Baracska;393000;393000;Fejér;község
Besnyő;443000;443000;Fejér;község
Bicske;565000;546000;Fejér;város
Bodajk;474000;0;Fejér;város
Cece;132000;132000;Fejér;nagyközség
Csabdi;259000;259000;Fejér;község
Csákvár;414000;437000;Fejér;város
Dég;71000;71000;Fejér;község
Dunaújváros;420000;418000;Fejér;megyei jogú város
Előszállás;139000;131000;Fejér;nagyközség
Enying;264000;270000;Fejér;város
Ercsi;343000;317000;Fejér;város
Etyek;723000;645000;Fejér;nagyközség
Felcsút;568000;0;Fejér;község
Gárdony;726000;636000;Fejér;város
Gyúró;228000;228000;Fejér;község
Hantos;152000;152000;Fejér;község
Igar;47000;47000;Fejér;község
Iszkaszentgyörgy;438000;0;Fejér;község
Isztimér;298000;298000;Fejér;község
Iváncsa;385000;385000;Fejér;község
Jenő;366000;366000;Fejér;község
Kajászó;608000;601000;Fejér;község
Káloz;60000;60000;Fejér;község
Kápolnásnyék;764000;718000;Fejér;község
Kincsesbánya;456000;0;Fejér;község
Kisapostag;444000;444000;Fejér;község
Kisláng;143000;143000;Fejér;község
Kőszárhegy;381000;381000;Fejér;község
Kulcs;523000;495000;Fejér;község
Lajoskomárom;264000;261000;Fejér;nagyközség
Lepsény;445000;453000;Fejér;nagyközség
Lovasberény;362000;0;Fejér;község
Mány;276000;263000;Fejér;község
Martonvásár;742000;528000;Fejér;város
Mezőfalva;194000;178000;Fejér;nagyközség
Mezőkomárom;66000;66000;Fejér;község
Mezőszentgyörgy;233000;233000;Fejér;község
Mezőszilas;127000;127000;Fejér;község
Mór;540000;342000;Fejér;város
Nadap;725000;0;Fejér;község
Nagykarácsony;128000;128000;Fejér;község
Nagyvenyim;383000;380000;Fejér;nagyközség
Óbarok;323000;323000;Fejér;község
Pákozd;698000;582000;Fejér;nagyközség
Pázmánd;477000;477000;Fejér;község
Perkáta;202000;202000;Fejér;nagyközség
Polgárdi;444000;363000;Fejér;város
Pusztaszabolcs;402000;409000;Fejér;város
Pusztavám;87000;87000;Fejér;község
Rácalmás;365000;366000;Fejér;város
Ráckeresztúr;624000;624000;Fejér;község
Sárbogárd;303000;224000;Fejér;város
Sárkeresztúr;111000;111000;Fejér;község
Sárosd;198000;198000;Fejér;nagyközség
Sárszentmihály;337000;337000;Fejér;község
Seregélyes;279000;256000;Fejér;nagyközség
Soponya;313000;313000;Fejér;nagyközség
Sukoró;640000;645000;Fejér;község
Szabadbattyán;576000;576000;Fejér;nagyközség
Szabadegyháza;339000;340000;Fejér;község
Szabadhídvég;89000;89000;Fejér;község
Székesfehérvár;671000;649000;Fejér;megyeszékhely
Tác;466000;466000;Fejér;község
Tordas;663000;617000;Fejér;község
Úrhida;706000;726000;Fejér;község
Vál;426000;425000;Fejér;község
Velence;746000;717000;Fejér;város
Vereb;277000;277000;Fejér;község
Vértesacsa;241000;241000;Fejér;község
Vértesboglár;439000;0;Fejér;község
Zámoly;373000;373000;Fejér;község
Abda;474000;559000;Győr-Moson-Sopron;község
Ágfalva;834000;0;Győr-Moson-Sopron;község
Ásványráró;234000;234000;Győr-Moson-Sopron;község
Babót;223000;223000;Győr-Moson-Sopron;község
Bakonyszentlászló;317000;280000;Győr-Moson-Sopron;község
Bezenye;504000;0;Győr-Moson-Sopron;község
Bőny;136000;0;Győr-Moson-Sopron;község
Csorna;502000;260000;Győr-Moson-Sopron;város
Écs;497000;579000;Győr-Moson-Sopron;község
Enese;485000;0;Győr-Moson-Sopron;község
Fertőd;535000;338000;Győr-Moson-Sopron;város
Fertőrákos;597000;626000;Győr-Moson-Sopron;község
Fertőszentmiklós;534000;496000;Győr-Moson-Sopron;város
Gönyű;453000;466000;Győr-Moson-Sopron;község
Győr;712000;481000;Győr-Moson-Sopron;megyeszékhely
Győrladamér;652000;648000;Győr-Moson-Sopron;község
Győrszemere;584000;560000;Győr-Moson-Sopron;község
Győrújbarát;800000;649000;Győr-Moson-Sopron;község
Győrújfalu;850000;909000;Győr-Moson-Sopron;község
Győrzámoly;764000;712000;Győr-Moson-Sopron;község
Harka;704000;681000;Győr-Moson-Sopron;község
Hegyeshalom;677000;517000;Győr-Moson-Sopron;nagyközség
Hegykő;904000;494000;Győr-Moson-Sopron;község
Himod;184000;184000;Győr-Moson-Sopron;község
Hövej;386000;386000;Győr-Moson-Sopron;község
Ikrény;517000;560000;Győr-Moson-Sopron;község
Jánossomorja;331000;258000;Győr-Moson-Sopron;város
Kajárpéc;240000;240000;Győr-Moson-Sopron;község
Kapuvár;445000;293000;Győr-Moson-Sopron;város
Kóny;324000;374000;Győr-Moson-Sopron;község
Kópháza;417000;236000;Győr-Moson-Sopron;község
Koroncó;403000;403000;Győr-Moson-Sopron;község
Lébény;335000;291000;Győr-Moson-Sopron;város
Levél;766000;728000;Győr-Moson-Sopron;község
Lipót;601000;601000;Győr-Moson-Sopron;község
Máriakálnok;516000;516000;Győr-Moson-Sopron;község
Mosonmagyaróvár;637000;523000;Győr-Moson-Sopron;város
Mosonszentmiklós;448000;448000;Győr-Moson-Sopron;község
Nagycenk;741000;821000;Győr-Moson-Sopron;nagyközség
Nagyszentjános;665000;0;Győr-Moson-Sopron;község
Nyúl;464000;455000;Győr-Moson-Sopron;község
Öttevény;473000;414000;Győr-Moson-Sopron;község
Pannonhalma;497000;439000;Győr-Moson-Sopron;város
Pér;435000;435000;Győr-Moson-Sopron;község
Petőháza;613000;0;Győr-Moson-Sopron;község
Rábapatona;438000;438000;Győr-Moson-Sopron;község
Rajka;685000;625000;Győr-Moson-Sopron;község
Sopron;726000;561000;Győr-Moson-Sopron;megyei jogú város
Sopronkövesd;550000;471000;Győr-Moson-Sopron;község
Szany;109000;109000;Győr-Moson-Sopron;nagyközség
Szárföld;353000;272000;Győr-Moson-Sopron;község
Táp;340000;0;Győr-Moson-Sopron;község
Tápszentmiklós;269000;0;Győr-Moson-Sopron;község
Tét;327000;327000;Győr-Moson-Sopron;város
Töltéstava;533000;533000;Győr-Moson-Sopron;község
Vámosszabadi;922000;823000;Győr-Moson-Sopron;község
Várbalog;488000;488000;Győr-Moson-Sopron;község
Bagamér;150000;150000;Hajdú-Bihar;nagyközség
Balmazújváros;511000;409000;Hajdú-Bihar;város
Báránd;157000;157000;Hajdú-Bihar;község
Berekböszörmény;82000;82000;Hajdú-Bihar;község
Berettyóújfalu;388000;334000;Hajdú-Bihar;város
Biharkeresztes;268000;0;Hajdú-Bihar;város
Biharnagybajom;47000;47000;Hajdú-Bihar;község
Bocskaikert;634000;599000;Hajdú-Bihar;község
Debrecen;791000;715000;Hajdú-Bihar;megyeszékhely
Derecske;428000;378000;Hajdú-Bihar;város
Ebes;532000;532000;Hajdú-Bihar;község
Egyek;90000;90000;Hajdú-Bihar;nagyközség
Földes;173000;173000;Hajdú-Bihar;nagyközség
Furta;136000;136000;Hajdú-Bihar;község
Görbeháza;246000;246000;Hajdú-Bihar;község
Hajdúbagos;195000;195000;Hajdú-Bihar;község
Hajdúböszörmény;528000;381000;Hajdú-Bihar;város
Hajdúdorog;298000;250000;Hajdú-Bihar;város
Hajdúhadház;248000;226000;Hajdú-Bihar;város
Hajdúnánás;386000;311000;Hajdú-Bihar;város
Hajdúsámson;458000;449000;Hajdú-Bihar;város
Hajdúszoboszló;647000;490000;Hajdú-Bihar;város
Hajdúszovát;199000;199000;Hajdú-Bihar;község
Hosszúpályi;237000;237000;Hajdú-Bihar;nagyközség
Kaba;241000;205000;Hajdú-Bihar;város
Komádi;101000;90000;Hajdú-Bihar;város
Létavértes;220000;198000;Hajdú-Bihar;város
Mezősas;23000;23000;Hajdú-Bihar;község
Mikepércs;586000;578000;Hajdú-Bihar;község
Nádudvar;306000;269000;Hajdú-Bihar;város
Nagyhegyes;383000;383000;Hajdú-Bihar;község
Nagykereki;28000;28000;Hajdú-Bihar;község
Nyírábrány;172000;183000;Hajdú-Bihar;nagyközség
Nyíradony;270000;270000;Hajdú-Bihar;város
Pocsaj;82000;82000;Hajdú-Bihar;nagyközség
Polgár;228000;183000;Hajdú-Bihar;város
Püspökladány;320000;213000;Hajdú-Bihar;város
Sáránd;437000;488000;Hajdú-Bihar;község
Sárrétudvari;216000;216000;Hajdú-Bihar;nagyközség
Téglás;478000;413000;Hajdú-Bihar;város
Tiszacsege;130000;130000;Hajdú-Bihar;város
Vámospércs;383000;366000;Hajdú-Bihar;város
Abasár;223000;225000;Heves;község
Adács;148000;148000;Heves;község
Andornaktálya;478000;472000;Heves;község
Apc;214000;214000;Heves;község
Átány;116000;116000;Heves;község
Atkár;190000;190000;Heves;község
Bélapátfalva;303000;0;Heves;város
Besenyőtelek;205000;205000;Heves;község
Boconád;75000;75000;Heves;község
Bodony;377000;377000;Heves;község
Boldog;212000;212000;Heves;község
Bükkszék;366000;0;Heves;község
Bükkszenterzsébet;52000;52000;Heves;község
Csány;150000;158000;Heves;község
Demjén;552000;552000;Heves;község
Detk;108000;108000;Heves;község
Domoszló;186000;186000;Heves;község
Ecséd;203000;203000;Heves;község
Eger;569000;486000;Heves;megyeszékhely
Egercsehi;142000;100000;Heves;község
Egerfarmos;95000;95000;Heves;község
Egerszalók;649000;516000;Heves;község
Erdőtelek;102000;102000;Heves;község
Erk;84000;72000;Heves;község
Feldebrő;133000;132000;Heves;község
Felsőtárkány;445000;407000;Heves;község
Füzesabony;283000;234000;Heves;város
Gyöngyös;427000;331000;Heves;város
Gyöngyöshalász;401000;401000;Heves;község
Gyöngyösoroszi;122000;110000;Heves;község
Gyöngyöspata;141000;147000;Heves;város
Gyöngyössolymos;273000;273000;Heves;község
Gyöngyöstarján;226000;215000;Heves;község
Halmajugra;75000;75000;Heves;község
Hatvan;471000;350000;Heves;város
Heréd;192000;253000;Heves;község
Heves;237000;164000;Heves;város
Hort;286000;261000;Heves;nagyközség
Istenmezeje;145000;145000;Heves;község
Kál;140000;126000;Heves;nagyközség
Karácsond;148000;148000;Heves;község
Kerecsend;102000;102000;Heves;község
Kisköre;156000;131000;Heves;város
Kisnána;66000;66000;Heves;község
Kompolt;128000;128000;Heves;község
Kömlő;32000;36000;Heves;község
Lőrinci;271000;244000;Heves;város
Ludas;61000;61000;Heves;község
Maklár;378000;378000;Heves;község
Markaz;254000;254000;Heves;község
Mátraderecske;154000;163000;Heves;község
Mátraszentimre;366000;366000;Heves;község
Mezőszemere;63000;63000;Heves;község
Mezőtárkány;81000;84000;Heves;község
Nagyfüged;52000;52000;Heves;község
Nagyréde;286000;281000;Heves;nagyközség
Nagytálya;462000;462000;Heves;község
Nagyút;69000;69000;Heves;község
Nagyvisnyó;93000;93000;Heves;község
Noszvaj;555000;548000;Heves;község
Novaj;336000;336000;Heves;község
Ostoros;490000;460000;Heves;község
Pálosvörösmart;289000;289000;Heves;község
Parád;245000;245000;Heves;nagyközség
Pély;56000;56000;Heves;község
Pétervására;103000;0;Heves;város
Petőfibánya;313000;0;Heves;község
Poroszló;211000;211000;Heves;község
Recsk;145000;150000;Heves;nagyközség
Rózsaszentmárton;211000;215000;Heves;község
Sarud;414000;414000;Heves;község
Sirok;279000;231000;Heves;község
Szajla;86000;86000;Heves;község
Szihalom;139000;139000;Heves;község
Szilvásvárad;373000;373000;Heves;község
Szűcsi;251000;237000;Heves;község
Tarnalelesz;107000;107000;Heves;község
Tarnaméra;73000;73000;Heves;község
Tarnaörs;30000;30000;Heves;község
Tarnaszentmiklós;40000;0;Heves;község
Tarnazsadány;79000;0;Heves;község
Tenk;176000;176000;Heves;község
Tiszanána;109000;109000;Heves;község
Tófalu;65000;65000;Heves;község
Újlőrincfalva;157000;157000;Heves;község
Vámosgyörk;182000;154000;Heves;község
Vécs;90000;90000;Heves;község
Verpelét;182000;158000;Heves;város
Visonta;198000;198000;Heves;község
Visznek;97000;97000;Heves;község
Zagyvaszántó;238000;309000;Heves;község
Zaránk;61000;61000;Heves;község
Abádszalók;226000;226000;Jász-Nagykun-Szolnok;város
Alattyán;162000;162000;Jász-Nagykun-Szolnok;község
Berekfürdő;232000;195000;Jász-Nagykun-Szolnok;község
Besenyszög;251000;253000;Jász-Nagykun-Szolnok;város
Cibakháza;153000;153000;Jász-Nagykun-Szolnok;nagyközség
Cserkeszőlő;385000;251000;Jász-Nagykun-Szolnok;község
Fegyvernek;205000;185000;Jász-Nagykun-Szolnok;város
Jászalsószentgyörgy;206000;206000;Jász-Nagykun-Szolnok;község
Jászapáti;160000;157000;Jász-Nagykun-Szolnok;város
Jászárokszállás;274000;221000;Jász-Nagykun-Szolnok;város
Jászberény;419000;278000;Jász-Nagykun-Szolnok;város
Jászboldogháza;244000;244000;Jász-Nagykun-Szolnok;község
Jászdózsa;150000;150000;Jász-Nagykun-Szolnok;község
Jászfelsőszentgyörgy;218000;218000;Jász-Nagykun-Szolnok;község
Jászfényszaru;298000;276000;Jász-Nagykun-Szolnok;város
Jászjákóhalma;160000;177000;Jász-Nagykun-Szolnok;község
Jászkisér;165000;155000;Jász-Nagykun-Szolnok;város
Jászszentandrás;245000;0;Jász-Nagykun-Szolnok;község
Karcag;273000;218000;Jász-Nagykun-Szolnok;város
Kenderes;165000;165000;Jász-Nagykun-Szolnok;város
Kisújszállás;272000;234000;Jász-Nagykun-Szolnok;város
Kőtelek;38000;38000;Jász-Nagykun-Szolnok;község
Kunhegyes;139000;175000;Jász-Nagykun-Szolnok;város
Kunszentmárton;190000;150000;Jász-Nagykun-Szolnok;város
Martfű;337000;318000;Jász-Nagykun-Szolnok;város
Mezőtúr;239000;177000;Jász-Nagykun-Szolnok;város
Nagykörű;175000;175000;Jász-Nagykun-Szolnok;község
Öcsöd;43000;33000;Jász-Nagykun-Szolnok;nagyközség
Pusztamonostor;274000;274000;Jász-Nagykun-Szolnok;község
Rákóczifalva;304000;307000;Jász-Nagykun-Szolnok;város
Rákócziújfalu;202000;0;Jász-Nagykun-Szolnok;község
Szajol;289000;294000;Jász-Nagykun-Szolnok;község
Szászberek;279000;279000;Jász-Nagykun-Szolnok;község
Szolnok;428000;457000;Jász-Nagykun-Szolnok;megyeszékhely
Tiszaföldvár;166000;155000;Jász-Nagykun-Szolnok;város
Tiszafüred;365000;290000;Jász-Nagykun-Szolnok;város
Tiszajenő;252000;252000;Jász-Nagykun-Szolnok;község
Tiszaörs;124000;124000;Jász-Nagykun-Szolnok;község
Tiszapüspöki;155000;155000;Jász-Nagykun-Szolnok;község
Tiszasüly;91000;91000;Jász-Nagykun-Szolnok;község
Tiszatenyő;177000;185000;Jász-Nagykun-Szolnok;község
Tiszavárkony;233000;233000;Jász-Nagykun-Szolnok;község
Tószeg;294000;294000;Jász-Nagykun-Szolnok;község
Törökszentmiklós;269000;215000;Jász-Nagykun-Szolnok;város
Túrkeve;192000;175000;Jász-Nagykun-Szolnok;város
Újszász;256000;253000;Jász-Nagykun-Szolnok;város
Vezseny;92000;92000;Jász-Nagykun-Szolnok;község
Zagyvarékas;198000;198000;Jász-Nagykun-Szolnok;község
Ács;395000;318000;Komárom-Esztergom;város
Almásfüzitő;417000;0;Komárom-Esztergom;község
Bábolna;466000;0;Komárom-Esztergom;város
Baj;499000;0;Komárom-Esztergom;község
Bajna;155000;155000;Komárom-Esztergom;község
Bakonysárkány;174000;174000;Komárom-Esztergom;község
Bakonyszombathely;245000;245000;Komárom-Esztergom;község
Bokod;405000;379000;Komárom-Esztergom;község
Csolnok;147000;147000;Komárom-Esztergom;község
Dorog;528000;371000;Komárom-Esztergom;város
Dömös;134000;134000;Komárom-Esztergom;község
Dunaalmás;489000;0;Komárom-Esztergom;község
Dunaszentmiklós;158000;0;Komárom-Esztergom;község
Esztergom;531000;261000;Komárom-Esztergom;megyei jogú város
Kesztölc;136000;136000;Komárom-Esztergom;község
Kisbér;404000;329000;Komárom-Esztergom;város
Komárom;508000;403000;Komárom-Esztergom;város
Környe;290000;257000;Komárom-Esztergom;község
Lábatlan;389000;0;Komárom-Esztergom;város
Leányvár;361000;361000;Komárom-Esztergom;község
Nagysáp;59000;59000;Komárom-Esztergom;község
Nyergesújfalu;435000;420000;Komárom-Esztergom;város
Oroszlány;415000;332000;Komárom-Esztergom;város
Piliscsév;218000;218000;Komárom-Esztergom;község
Pilismarót;79000;79000;Komárom-Esztergom;község
Sárisáp;499000;0;Komárom-Esztergom;község
Szomód;226000;226000;Komárom-Esztergom;község
Tardos;169000;169000;Komárom-Esztergom;község
Tát;396000;269000;Komárom-Esztergom;város
Tata;685000;640000;Komárom-Esztergom;város
Tatabánya;523000;496000;Komárom-Esztergom;megyeszékhely
Tokod;247000;101000;Komárom-Esztergom;nagyközség
Tokodaltáró;193000;166000;Komárom-Esztergom;község
Vértesszőlős;460000;486000;Komárom-Esztergom;község
Alsópetény;311000;311000;Nógrád;község
Alsótold;226000;226000;Nógrád;község
Balassagyarmat;370000;320000;Nógrád;város
Bánk;401000;401000;Nógrád;község
Bárna;81000;86000;Nógrád;község
Bátonyterenye;164000;143000;Nógrád;város
Becske;247000;247000;Nógrád;község
Bér;225000;225000;Nógrád;község
Bercel;184000;181000;Nógrád;község
Borsosberény;221000;221000;Nógrád;község
Buják;132000;128000;Nógrád;község
Cered;87000;87000;Nógrád;község
Csécse;159000;159000;Nógrád;község
Cserháthaláp;83000;83000;Nógrád;község
Cserhátsurány;176000;176000;Nógrád;község
Cserhátszentiván;350000;350000;Nógrád;község
Csesztve;76000;76000;Nógrád;község
Csitár;82000;82000;Nógrád;község
Dejtár;145000;145000;Nógrád;község
Diósjenő;335000;312000;Nógrád;község
Dorogháza;114000;112000;Nógrád;község
Drégelypalánk;176000;176000;Nógrád;község
Ecseg;81000;78000;Nógrád;község
Egyházasgerge;76000;76000;Nógrád;község
Endrefalva;81000;81000;Nógrád;község
Erdőkürt;182000;182000;Nógrád;község
Erdőtarcsa;159000;159000;Nógrád;község
Érsekvadkert;192000;198000;Nógrád;község
Etes;80000;80000;Nógrád;község
Felsőpetény;264000;275000;Nógrád;község
Felsőtold;256000;256000;Nógrád;község
Galgaguta;112000;112000;Nógrád;község
Héhalom;118000;118000;Nógrád;község
Herencsény;105000;105000;Nógrád;község
Hollókő;399000;399000;Nógrád;község
Hont;134000;134000;Nógrád;község
Hugyag;73000;73000;Nógrád;község
Ipolytarnóc;136000;136000;Nógrád;község
Ipolyvece;166000;166000;Nógrád;község
Jobbágyi;174000;151000;Nógrád;község
Kálló;127000;121000;Nógrád;község
Karancsalja;141000;144000;Nógrád;község
Karancsberény;95000;96000;Nógrád;község
Karancskeszi;109000;109000;Nógrád;község
Karancslapujtő;97000;101000;Nógrád;község
Karancsság;65000;62000;Nógrád;község
Kazár;113000;116000;Nógrád;község
Kétbodony;298000;307000;Nógrád;község
Kisbágyon;170000;165000;Nógrád;község
Kisecset;247000;247000;Nógrád;község
Kishartyán;82000;84000;Nógrád;község
Kozárd;211000;211000;Nógrád;község
Legénd;221000;221000;Nógrád;község
Litke;80000;80000;Nógrád;község
Ludányhalászi;105000;105000;Nógrád;község
Magyargéc;170000;170000;Nógrád;község
Magyarnándor;142000;142000;Nógrád;község
Mátramindszent;71000;68000;Nógrád;község
Mátranovák;82000;81000;Nógrád;község
Mátraszele;89000;66000;Nógrád;község
Mátraszőlős;181000;181000;Nógrád;község
Mátraterenye;146000;142000;Nógrád;község
Mátraverebély;82000;82000;Nógrád;község
Mihálygerge;120000;120000;Nógrád;község
Mohora;145000;141000;Nógrád;község
Nagybárkány;80000;80000;Nógrád;község
Nagylóc;96000;96000;Nógrád;község
Nagyoroszi;244000;221000;Nógrád;község
Nemti;122000;122000;Nógrád;község
Nézsa;237000;237000;Nógrád;község
Nógrád;335000;335000;Nógrád;község
Nógrádkövesd;247000;273000;Nógrád;község
Nógrádmarcal;93000;93000;Nógrád;község
Nógrádmegyer;57000;60000;Nógrád;község
Nógrádsáp;252000;252000;Nógrád;község
Nógrádsipek;134000;134000;Nógrád;község
Nógrádszakál;80000;80000;Nógrád;község
Nőtincs;302000;302000;Nógrád;község
Őrhalom;153000;153000;Nógrád;község
Ősagárd;145000;145000;Nógrád;község
Palotás;246000;246000;Nógrád;község
Pásztó;313000;261000;Nógrád;város
Patak;126000;126000;Nógrád;község
Patvarc;359000;347000;Nógrád;község
Pusztaberki;342000;342000;Nógrád;község
Rákóczibánya;68000;68000;Nógrád;község
Rétság;422000;383000;Nógrád;város
Rimóc;102000;102000;Nógrád;község
Romhány;229000;204000;Nógrád;község
Ságújfalu;90000;90000;Nógrád;község
Salgótarján;219000;175000;Nógrád;megyeszékhely
Sámsonháza;101000;101000;Nógrád;község
Somoskőújfalu;139000;145000;Nógrád;község
Sóshartyán;62000;62000;Nógrád;község
Szalmatercs;72000;72000;Nógrád;község
Szanda;226000;226000;Nógrád;község
Szátok;71000;71000;Nógrád;község
Szécsény;235000;204000;Nógrád;város
Szécsényfelfalu;116000;116000;Nógrád;község
Szendehely;430000;430000;Nógrád;község
Szente;151000;151000;Nógrád;község
Szilaspogony;40000;40000;Nógrád;község
Szirák;57000;49000;Nógrád;község
Szuha;166000;166000;Nógrád;község
Szurdokpüspöki;190000;190000;Nógrád;község
Szügy;285000;301000;Nógrád;község
Tar;148000;145000;Nógrád;község
Terény;224000;224000;Nógrád;község
Tereske;279000;279000;Nógrád;község
Tolmács;388000;388000;Nógrád;község
Vanyarc;228000;228000;Nógrád;község
Varsány;175000;178000;Nógrád;község
Vizslás;124000;122000;Nógrád;község
Zabar;77000;73000;Nógrád;község
Abony;266000;247000;Pest;város
Albertirsa;574000;409000;Pest;város
Alsónémedi;563000;544000;Pest;nagyközség
Áporka;623000;0;Pest;község
Aszód;548000;452000;Pest;város
Bag;246000;246000;Pest;nagyközség
Bénye;513000;462000;Pest;község
Biatorbágy;1044000;913000;Pest;város
Budajenő;879000;859000;Pest;község
Budakalász;940000;880000;Pest;város
Budakeszi;907000;764000;Pest;város
Budaörs;993000;843000;Pest;város
Bugyi;450000;429000;Pest;nagyközség
Cegléd;488000;349000;Pest;város
Ceglédbercel;333000;333000;Pest;község
Csemő;145000;145000;Pest;község
Csévharaszt;550000;569000;Pest;község
Csomád;577000;500000;Pest;község
Csömör;814000;863000;Pest;nagyközség
Csörög;484000;484000;Pest;község
Dabas;545000;438000;Pest;város
Dánszentmiklós;580000;580000;Pest;község
Dány;279000;279000;Pest;község
Délegyháza;733000;605000;Pest;község
Diósd;887000;1062000;Pest;város
Dömsöd;297000;255000;Pest;nagyközség
Dunabogdány;430000;383000;Pest;község
Dunaharaszti;829000;576000;Pest;város
Dunakeszi;909000;901000;Pest;város
Dunavarsány;686000;443000;Pest;város
Ecser;648000;837000;Pest;nagyközség
Érd;799000;702000;Pest;megyei jogú város
Erdőkertes;641000;631000;Pest;község
Farmos;181000;181000;Pest;község
Felsőpakony;646000;636000;Pest;nagyközség
Fót;784000;600000;Pest;város
Galgahévíz;262000;262000;Pest;község
Galgamácsa;446000;431000;Pest;község
Gomba;530000;530000;Pest;község
Göd;807000;753000;Pest;város
Gödöllő;727000;643000;Pest;város
Gyál;655000;627000;Pest;város
Gyömrő;843000;679000;Pest;város
Halásztelek;701000;512000;Pest;város
Herceghalom;911000;746000;Pest;község
Hernád;384000;419000;Pest;nagyközség
Iklad;455000;0;Pest;község
Inárcs;328000;328000;Pest;nagyközség
Isaszeg;658000;784000;Pest;város
Jászkarajenő;69000;69000;Pest;község
Kakucs;512000;439000;Pest;község
Kartal;531000;399000;Pest;nagyközség
Kemence;472000;472000;Pest;község
Kerepes;761000;569000;Pest;város
Kiskunlacháza;469000;264000;Pest;város
Kismaros;857000;857000;Pest;község
Kistarcsa;743000;604000;Pest;város
Kocsér;122000;122000;Pest;község
Kóka;317000;300000;Pest;község
Kosd;394000;394000;Pest;község
Leányfalu;941000;941000;Pest;nagyközség
Maglód;690000;617000;Pest;város
Majosháza;519000;0;Pest;község
Mende;635000;575000;Pest;község
Mogyoród;593000;603000;Pest;nagyközség
Monor;702000;468000;Pest;város
Monorierdő;528000;462000;Pest;község
Nagybörzsöny;302000;302000;Pest;község
Nagykáta;444000;257000;Pest;város
Nagykovácsi;1088000;1153000;Pest;nagyközség
Nagykőrös;360000;225000;Pest;város
Nagymaros;504000;469000;Pest;város
Nagytarcsa;814000;759000;Pest;község
Nyársapát;234000;234000;Pest;község
Ócsa;514000;426000;Pest;város
Őrbottyán;630000;633000;Pest;város
Örkény;302000;315000;Pest;város
Pánd;255000;255000;Pest;község
Páty;788000;549000;Pest;község
Pécel;767000;700000;Pest;város
Perbál;540000;0;Pest;község
Perőcsény;203000;203000;Pest;község
Péteri;596000;559000;Pest;község
Pilis;420000;354000;Pest;város
Piliscsaba;838000;756000;Pest;város
Pilisjászfalu;996000;0;Pest;község
Pilisvörösvár;829000;756000;Pest;város
Pilisszentiván;728000;0;Pest;község
Pilisszentkereszt;475000;352000;Pest;község
Pócsmegyer;685000;685000;Pest;község
Pomáz;795000;645000;Pest;város
Pusztavacs;360000;0;Pest;község
Pusztazámor;237000;237000;Pest;község
Ráckeve;520000;456000;Pest;város
Remeteszőlős;1250000;1384000;Pest;község
Solymár;908000;1083000;Pest;nagyközség
Sóskút;544000;398000;Pest;község
Sülysáp;433000;418000;Pest;város
Szada;728000;757000;Pest;nagyközség
Százhalombatta;705000;777000;Pest;város
Szentendre;873000;910000;Pest;város
Szentlőrinckáta;206000;206000;Pest;község
Szentmártonkáta;111000;111000;Pest;nagyközség
Szigetcsép;457000;427000;Pest;község
Szigethalom;601000;609000;Pest;város
Szigetmonostor;696000;733000;Pest;község
Szigetszentmárton;626000;0;Pest;község
Szigetszentmiklós;712000;598000;Pest;város
Szigetújfalu;473000;193000;Pest;község
Szob;356000;249000;Pest;város
Szokolya;455000;455000;Pest;község
Sződ;608000;568000;Pest;község
Sződliget;757000;729000;Pest;nagyközség
Táborfalva;295000;269000;Pest;nagyközség
Tahitótfalu;471000;446000;Pest;község
Taksony;746000;694000;Pest;nagyközség
Tápióbicske;173000;200000;Pest;község
Tápiógyörgye;141000;141000;Pest;község
Tápióság;311000;335000;Pest;község
Tápiószecső;388000;353000;Pest;nagyközség
Tápiószele;200000;171000;Pest;város
Tápiószentmárton;260000;260000;Pest;nagyközség
Tápiószőlős;164000;164000;Pest;község
Tárnok;701000;528000;Pest;nagyközség
Telki;1079000;923000;Pest;község
Tóalmás;212000;243000;Pest;község
Tököl;607000;633000;Pest;város
Törökbálint;863000;782000;Pest;város
Törtel;314000;314000;Pest;község
Tura;337000;325000;Pest;város
Újhartyán;487000;469000;Pest;város
Újlengyel;232000;232000;Pest;község
Újszilvás;185000;165000;Pest;község
Úri;321000;321000;Pest;község
Üllő;776000;619000;Pest;város
Üröm;1129000;903000;Pest;község
Vác;698000;663000;Pest;város
Vácduka;629000;613000;Pest;község
Vácegres;493000;0;Pest;község
Váchartyán;647000;647000;Pest;község
Vácrátót;781000;605000;Pest;község
Vámosmikola;163000;163000;Pest;község
Vecsés;794000;684000;Pest;város
Veresegyház;863000;780000;Pest;város
Verőce;603000;697000;Pest;község
Visegrád;468000;0;Pest;város
Zebegény;478000;478000;Pest;község
Zsámbék;630000;484000;Pest;város
Zsámbok;387000;387000;Pest;község
Balatonberény;502000;502000;Somogy;község
Balatonboglár;958000;1164000;Somogy;város
Balatonfenyves;800000;745000;Somogy;község
Balatonföldvár;790000;770000;Somogy;város
Balatonkeresztúr;549000;532000;Somogy;község
Balatonlelle;1341000;987000;Somogy;város
Balatonmáriafürdő;728000;0;Somogy;község
Balatonszárszó;533000;533000;Somogy;nagyközség
Balatonszemes;1129000;0;Somogy;község
Balatonszentgyörgy;343000;343000;Somogy;község
Balatonvilágos;908000;0;Somogy;község
Barcs;236000;196000;Somogy;város
Bárdudvarnok;235000;235000;Somogy;község
Berzence;160000;160000;Somogy;nagyközség
Böhönye;255000;255000;Somogy;község
Csokonyavisonta;143000;0;Somogy;község
Csurgó;190000;163000;Somogy;város
Fonyód;834000;490000;Somogy;város
Gyékényes;151000;151000;Somogy;község
Igal;125000;143000;Somogy;város
Iharosberény;64000;64000;Somogy;község
Kadarkút;183000;183000;Somogy;város
Kaposvár;451000;304000;Somogy;megyeszékhely
Kaposszerdahely;296000;296000;Somogy;község
Kéthely;253000;253000;Somogy;község
Lábod;165000;165000;Somogy;község
Látrány;209000;220000;Somogy;község
Marcali;369000;267000;Somogy;város
Nagyatád;318000;263000;Somogy;város
Nagyberény;288000;288000;Somogy;község
Sántos;211000;211000;Somogy;község
Siófok;1011000;724000;Somogy;város
Szántód;1208000;732000;Somogy;község
Szenna;189000;189000;Somogy;község
Tab;287000;99000;Somogy;város
Taszár;338000;262000;Somogy;község
Zákány;74000;0;Somogy;község
Zamárdi;1360000;1664000;Somogy;város
Zselicszentpál;146000;146000;Somogy;község
Ajak;210000;202000;Szabolcs-Szatmár-Bereg;város
Apagy;250000;250000;Szabolcs-Szatmár-Bereg;község
Baktalórántháza;159000;180000;Szabolcs-Szatmár-Bereg;város
Balkány;206000;216000;Szabolcs-Szatmár-Bereg;város
Balsa;104000;101000;Szabolcs-Szatmár-Bereg;község
Biri;194000;194000;Szabolcs-Szatmár-Bereg;község
Bököny;199000;199000;Szabolcs-Szatmár-Bereg;község
Buj;176000;176000;Szabolcs-Szatmár-Bereg;község
Csenger;205000;163000;Szabolcs-Szatmár-Bereg;város
Csengerújfalu;83000;83000;Szabolcs-Szatmár-Bereg;község
Demecser;93000;96000;Szabolcs-Szatmár-Bereg;város
Dombrád;84000;84000;Szabolcs-Szatmár-Bereg;város
Döge;130000;130000;Szabolcs-Szatmár-Bereg;község
Érpatak;117000;117000;Szabolcs-Szatmár-Bereg;község
Fábiánháza;88000;88000;Szabolcs-Szatmár-Bereg;község
Fehérgyarmat;278000;251000;Szabolcs-Szatmár-Bereg;város
Fényeslitke;178000;177000;Szabolcs-Szatmár-Bereg;község
Gávavencsellő;111000;107000;Szabolcs-Szatmár-Bereg;nagyközség
Gégény;134000;134000;Szabolcs-Szatmár-Bereg;község
Geszteréd;157000;157000;Szabolcs-Szatmár-Bereg;község
Győrtelek;58000;58000;Szabolcs-Szatmár-Bereg;község
Gyüre;97000;0;Szabolcs-Szatmár-Bereg;község
Ibrány;205000;204000;Szabolcs-Szatmár-Bereg;város
Jármi;219000;219000;Szabolcs-Szatmár-Bereg;község
Kállósemjén;201000;204000;Szabolcs-Szatmár-Bereg;nagyközség
Kálmánháza;257000;257000;Szabolcs-Szatmár-Bereg;község
Kékcse;88000;88000;Szabolcs-Szatmár-Bereg;község
Kemecse;230000;230000;Szabolcs-Szatmár-Bereg;város
Kisléta;112000;0;Szabolcs-Szatmár-Bereg;község
Kisvárda;379000;304000;Szabolcs-Szatmár-Bereg;város
Kisvarsány;202000;202000;Szabolcs-Szatmár-Bereg;község
Kocsord;185000;185000;Szabolcs-Szatmár-Bereg;község
Kótaj;259000;257000;Szabolcs-Szatmár-Bereg;község
Levelek;232000;232000;Szabolcs-Szatmár-Bereg;nagyközség
Magy;110000;110000;Szabolcs-Szatmár-Bereg;község
Mándok;76000;76000;Szabolcs-Szatmár-Bereg;város
Máriapócs;229000;229000;Szabolcs-Szatmár-Bereg;város
Mátészalka;368000;323000;Szabolcs-Szatmár-Bereg;város
Mérk;64000;64000;Szabolcs-Szatmár-Bereg;nagyközség
Nagycserkesz;179000;179000;Szabolcs-Szatmár-Bereg;község
Nagyecsed;130000;130000;Szabolcs-Szatmár-Bereg;város
Nagyhalász;249000;255000;Szabolcs-Szatmár-Bereg;város
Nagykálló;270000;249000;Szabolcs-Szatmár-Bereg;város
Nagyvarsány;75000;75000;Szabolcs-Szatmár-Bereg;község
Napkor;261000;270000;Szabolcs-Szatmár-Bereg;nagyközség
Nyírbátor;310000;236000;Szabolcs-Szatmár-Bereg;város
Nyírbogát;214000;214000;Szabolcs-Szatmár-Bereg;város
Nyírbogdány;225000;209000;Szabolcs-Szatmár-Bereg;község
Nyírcsászári;162000;162000;Szabolcs-Szatmár-Bereg;község
Nyírderzs;193000;193000;Szabolcs-Szatmár-Bereg;község
Nyíregyháza;537000;457000;Szabolcs-Szatmár-Bereg;megyeszékhely
Nyírgyulaj;158000;150000;Szabolcs-Szatmár-Bereg;község
Nyíribrony;116000;113000;Szabolcs-Szatmár-Bereg;község
Nyírkarász;148000;148000;Szabolcs-Szatmár-Bereg;község
Nyírkáta;82000;82000;Szabolcs-Szatmár-Bereg;község
Nyírkércs;201000;201000;Szabolcs-Szatmár-Bereg;község
Nyírlugos;92000;83000;Szabolcs-Szatmár-Bereg;város
Nyírmada;139000;139000;Szabolcs-Szatmár-Bereg;város
Nyírmeggyes;185000;185000;Szabolcs-Szatmár-Bereg;község
Nyírmihálydi;147000;147000;Szabolcs-Szatmár-Bereg;község
Nyírpazony;402000;408000;Szabolcs-Szatmár-Bereg;nagyközség
Nyírtass;168000;168000;Szabolcs-Szatmár-Bereg;község
Nyírtelek;319000;325000;Szabolcs-Szatmár-Bereg;város
Nyírtura;284000;284000;Szabolcs-Szatmár-Bereg;község
Nyírvasvári;169000;169000;Szabolcs-Szatmár-Bereg;község
Ófehértó;120000;122000;Szabolcs-Szatmár-Bereg;község
Ópályi;141000;141000;Szabolcs-Szatmár-Bereg;község
Ököritófülpös;73000;73000;Szabolcs-Szatmár-Bereg;nagyközség
Őr;96000;96000;Szabolcs-Szatmár-Bereg;község
Pap;176000;176000;Szabolcs-Szatmár-Bereg;község
Penyige;132000;132000;Szabolcs-Szatmár-Bereg;község
Piricse;112000;112000;Szabolcs-Szatmár-Bereg;község
Pócspetri;149000;149000;Szabolcs-Szatmár-Bereg;község
Porcsalma;78000;78000;Szabolcs-Szatmár-Bereg;nagyközség
Rakamaz;138000;128000;Szabolcs-Szatmár-Bereg;város
Sényő;349000;313000;Szabolcs-Szatmár-Bereg;község
Szabolcs;166000;166000;Szabolcs-Szatmár-Bereg;község
Szabolcsveresmart;107000;107000;Szabolcs-Szatmár-Bereg;község
Szakoly;179000;179000;Szabolcs-Szatmár-Bereg;község
Szorgalmatos;269000;269000;Szabolcs-Szatmár-Bereg;község
Timár;74000;93000;Szabolcs-Szatmár-Bereg;község
Tiszabercel;107000;107000;Szabolcs-Szatmár-Bereg;község
Tiszadada;67000;0;Szabolcs-Szatmár-Bereg;község
Tiszadob;145000;145000;Szabolcs-Szatmár-Bereg;nagyközség
Tiszaeszlár;133000;0;Szabolcs-Szatmár-Bereg;község
Tiszakanyár;106000;106000;Szabolcs-Szatmár-Bereg;község
Tiszalök;163000;151000;Szabolcs-Szatmár-Bereg;város
Tiszanagyfalu;178000;175000;Szabolcs-Szatmár-Bereg;község
Tiszavasvári;201000;178000;Szabolcs-Szatmár-Bereg;város
Tornyospálca;131000;131000;Szabolcs-Szatmár-Bereg;község
Tunyogmatolcs;156000;156000;Szabolcs-Szatmár-Bereg;község
Tuzsér;82000;82000;Szabolcs-Szatmár-Bereg;nagyközség
Tyukod;69000;69000;Szabolcs-Szatmár-Bereg;nagyközség
Újfehértó;318000;325000;Szabolcs-Szatmár-Bereg;város
Vaja;147000;147000;Szabolcs-Szatmár-Bereg;város
Vásárosnamény;242000;197000;Szabolcs-Szatmár-Bereg;város
Vasmegyer;154000;154000;Szabolcs-Szatmár-Bereg;község
Záhony;242000;0;Szabolcs-Szatmár-Bereg;város
Ajak;210000;202000;Szabolcs-Szatmár-Bereg;város
Apagy;250000;250000;Szabolcs-Szatmár-Bereg;község
Baktalórántháza;159000;180000;Szabolcs-Szatmár-Bereg;város
Balkány;206000;216000;Szabolcs-Szatmár-Bereg;város
Balsa;104000;101000;Szabolcs-Szatmár-Bereg;község
Biri;194000;194000;Szabolcs-Szatmár-Bereg;község
Bököny;199000;199000;Szabolcs-Szatmár-Bereg;község
Buj;176000;176000;Szabolcs-Szatmár-Bereg;község
Csenger;205000;163000;Szabolcs-Szatmár-Bereg;város
Csengerújfalu;83000;83000;Szabolcs-Szatmár-Bereg;község
Demecser;93000;96000;Szabolcs-Szatmár-Bereg;város
Dombrád;84000;84000;Szabolcs-Szatmár-Bereg;város
Döge;130000;130000;Szabolcs-Szatmár-Bereg;község
Érpatak;117000;117000;Szabolcs-Szatmár-Bereg;község
Fábiánháza;88000;88000;Szabolcs-Szatmár-Bereg;község
Fehérgyarmat;278000;251000;Szabolcs-Szatmár-Bereg;város
Fényeslitke;178000;177000;Szabolcs-Szatmár-Bereg;község
Gávavencsellő;111000;107000;Szabolcs-Szatmár-Bereg;nagyközség
Gégény;134000;134000;Szabolcs-Szatmár-Bereg;község
Geszteréd;157000;157000;Szabolcs-Szatmár-Bereg;község
Győrtelek;58000;58000;Szabolcs-Szatmár-Bereg;község
Gyüre;97000;0;Szabolcs-Szatmár-Bereg;község
Ibrány;205000;204000;Szabolcs-Szatmár-Bereg;város
Jármi;219000;219000;Szabolcs-Szatmár-Bereg;község
Kállósemjén;201000;204000;Szabolcs-Szatmár-Bereg;nagyközség
Kálmánháza;257000;257000;Szabolcs-Szatmár-Bereg;község
Kékcse;88000;88000;Szabolcs-Szatmár-Bereg;község
Kemecse;230000;230000;Szabolcs-Szatmár-Bereg;város
Kisléta;112000;0;Szabolcs-Szatmár-Bereg;község
Kisvárda;379000;304000;Szabolcs-Szatmár-Bereg;város
Kisvarsány;202000;202000;Szabolcs-Szatmár-Bereg;község
Kocsord;185000;185000;Szabolcs-Szatmár-Bereg;község
Kótaj;259000;257000;Szabolcs-Szatmár-Bereg;község
Levelek;232000;232000;Szabolcs-Szatmár-Bereg;nagyközség
Magy;110000;110000;Szabolcs-Szatmár-Bereg;község
Mándok;76000;76000;Szabolcs-Szatmár-Bereg;város
Máriapócs;229000;229000;Szabolcs-Szatmár-Bereg;város
Mátészalka;368000;323000;Szabolcs-Szatmár-Bereg;város
Mérk;64000;64000;Szabolcs-Szatmár-Bereg;nagyközség
Nagycserkesz;179000;179000;Szabolcs-Szatmár-Bereg;község
Nagyecsed;130000;130000;Szabolcs-Szatmár-Bereg;város
Nagyhalász;249000;255000;Szabolcs-Szatmár-Bereg;város
Nagykálló;270000;249000;Szabolcs-Szatmár-Bereg;város
Nagyvarsány;75000;75000;Szabolcs-Szatmár-Bereg;község
Napkor;261000;270000;Szabolcs-Szatmár-Bereg;nagyközség
Nyírbátor;310000;236000;Szabolcs-Szatmár-Bereg;város
Nyírbogát;214000;214000;Szabolcs-Szatmár-Bereg;város
Nyírbogdány;225000;209000;Szabolcs-Szatmár-Bereg;község
Nyírcsászári;162000;162000;Szabolcs-Szatmár-Bereg;község
Nyírderzs;193000;193000;Szabolcs-Szatmár-Bereg;község
Nyíregyháza;537000;457000;Szabolcs-Szatmár-Bereg;megyeszékhely
Nyírgyulaj;158000;150000;Szabolcs-Szatmár-Bereg;község
Nyíribrony;116000;113000;Szabolcs-Szatmár-Bereg;község
Nyírkarász;148000;148000;Szabolcs-Szatmár-Bereg;község
Nyírkáta;82000;82000;Szabolcs-Szatmár-Bereg;község
Nyírkércs;201000;201000;Szabolcs-Szatmár-Bereg;község
Nyírlugos;92000;83000;Szabolcs-Szatmár-Bereg;város
Nyírmada;139000;139000;Szabolcs-Szatmár-Bereg;város
Nyírmeggyes;185000;185000;Szabolcs-Szatmár-Bereg;község
Nyírmihálydi;147000;147000;Szabolcs-Szatmár-Bereg;község
Nyírpazony;402000;408000;Szabolcs-Szatmár-Bereg;nagyközség
Nyírtass;168000;168000;Szabolcs-Szatmár-Bereg;község
Nyírtelek;319000;325000;Szabolcs-Szatmár-Bereg;város
Nyírtura;284000;284000;Szabolcs-Szatmár-Bereg;község
Nyírvasvári;169000;169000;Szabolcs-Szatmár-Bereg;község
Ófehértó;120000;122000;Szabolcs-Szatmár-Bereg;község
Ópályi;141000;141000;Szabolcs-Szatmár-Bereg;község
Ököritófülpös;73000;73000;Szabolcs-Szatmár-Bereg;nagyközség
Őr;96000;96000;Szabolcs-Szatmár-Bereg;község
Pap;176000;176000;Szabolcs-Szatmár-Bereg;község
Penyige;132000;132000;Szabolcs-Szatmár-Bereg;község
Piricse;112000;112000;Szabolcs-Szatmár-Bereg;község
Pócspetri;149000;149000;Szabolcs-Szatmár-Bereg;község
Porcsalma;78000;78000;Szabolcs-Szatmár-Bereg;nagyközség
Rakamaz;138000;128000;Szabolcs-Szatmár-Bereg;város
Sényő;349000;313000;Szabolcs-Szatmár-Bereg;község
Szabolcs;166000;166000;Szabolcs-Szatmár-Bereg;község
Szabolcsveresmart;107000;107000;Szabolcs-Szatmár-Bereg;község
Szakoly;179000;179000;Szabolcs-Szatmár-Bereg;község
Szorgalmatos;269000;269000;Szabolcs-Szatmár-Bereg;község
Timár;74000;93000;Szabolcs-Szatmár-Bereg;község
Tiszabercel;107000;107000;Szabolcs-Szatmár-Bereg;község
Tiszadada;67000;0;Szabolcs-Szatmár-Bereg;község
Tiszadob;145000;145000;Szabolcs-Szatmár-Bereg;nagyközség
Tiszaeszlár;133000;0;Szabolcs-Szatmár-Bereg;község
Tiszakanyár;106000;106000;Szabolcs-Szatmár-Bereg;község
Tiszalök;163000;151000;Szabolcs-Szatmár-Bereg;város
Tiszanagyfalu;178000;175000;Szabolcs-Szatmár-Bereg;község
Tiszavasvári;201000;178000;Szabolcs-Szatmár-Bereg;város
Tornyospálca;131000;131000;Szabolcs-Szatmár-Bereg;község
Tunyogmatolcs;156000;156000;Szabolcs-Szatmár-Bereg;község
Tuzsér;82000;82000;Szabolcs-Szatmár-Bereg;nagyközség
Tyukod;69000;69000;Szabolcs-Szatmár-Bereg;nagyközség
Újfehértó;318000;325000;Szabolcs-Szatmár-Bereg;város
Vaja;147000;147000;Szabolcs-Szatmár-Bereg;város
Vásárosnamény;242000;197000;Szabolcs-Szatmár-Bereg;város
Vasmegyer;154000;154000;Szabolcs-Szatmár-Bereg;község
Záhony;242000;0;Szabolcs-Szatmár-Bereg;város
Bátaszék;156000;125000;Tolna;város
Bonyhád;399000;356000;Tolna;város
Decs;103000;103000;Tolna;nagyközség
Dombóvár;287000;193000;Tolna;város
Döbrököz;98000;98000;Tolna;község
Dunaföldvár;244000;179000;Tolna;város
Fadd;214000;214000;Tolna;nagyközség
Gyönk;141000;160000;Tolna;város
Györköny;251000;0;Tolna;község
Hőgyész;127000;134000;Tolna;nagyközség
Iregszemcse;120000;125000;Tolna;község
Kaposszekcső;297000;0;Tolna;község
Kölesd;101000;116000;Tolna;község
Medina;123000;90000;Tolna;község
Mórágy;173000;173000;Tolna;község
Nagydorog;143000;143000;Tolna;nagyközség
Nagykónyi;130000;130000;Tolna;község
Nagymányok;123000;123000;Tolna;város
Németkér;196000;196000;Tolna;község
Őcsény;173000;182000;Tolna;község
Paks;585000;467000;Tolna;város
Pálfa;127000;127000;Tolna;község
Pincehely;63000;63000;Tolna;nagyközség
Sárszentlőrinc;109000;109000;Tolna;község
Simontornya;133000;123000;Tolna;város
Szakály;108000;129000;Tolna;község
Szedres;191000;191000;Tolna;község
Szekszárd;459000;243000;Tolna;megyeszékhely
Tamási;314000;262000;Tolna;város
Tolna;329000;254000;Tolna;város
Tolnanémedi;110000;115000;Tolna;község
Varsád;43000;43000;Tolna;község
Zomba;287000;258000;Tolna;község
Alsószölnök;239000;239000;Vas;község
Alsóújlak;225000;225000;Vas;község
Balogunyom;324000;324000;Vas;község
Bejcgyertyános;221000;221000;Vas;község
Boba;115000;115000;Vas;község
Bő;303000;303000;Vas;község
Bucsu;261000;261000;Vas;község
Bük;452000;348000;Vas;város
Cák;460000;0;Vas;község
Celldömölk;332000;233000;Vas;város
Csákánydoroszló;286000;268000;Vas;község
Csepreg;282000;282000;Vas;város
Csipkerek;135000;135000;Vas;község
Csörötnek;298000;298000;Vas;község
Döröske;204000;204000;Vas;község
Egyházasrádóc;300000;300000;Vas;község
Felsőmarác;109000;109000;Vas;község
Gencsapáti;590000;486000;Vas;község
Gersekarát;227000;227000;Vas;község
Gyöngyösfalu;450000;450000;Vas;község
Hegyfalu;266000;266000;Vas;község
Hegyhátszentjakab;330000;330000;Vas;község
Horvátzsidány;407000;407000;Vas;község
Hosszúpereszteg;151000;151000;Vas;község
Ikervár;286000;200000;Vas;község
Ják;370000;370000;Vas;község
Jánosháza;248000;254000;Vas;város
Káld;192000;192000;Vas;község
Kemenesmagasi;58000;58000;Vas;község
Kenyeri;204000;204000;Vas;község
Körmend;423000;314000;Vas;város
Kőszeg;477000;369000;Vas;város
Kőszegszerdahely;607000;0;Vas;község
Lukácsháza;449000;449000;Vas;község
Magyarlak;259000;199000;Vas;község
Meggyeskovácsi;105000;105000;Vas;község
Nádasd;243000;223000;Vas;község
Nagysimonyi;68000;68000;Vas;község
Nárai;553000;550000;Vas;község
Oszkó;196000;196000;Vas;község
Őriszentpéter;694000;694000;Vas;város
Pápoc;187000;187000;Vas;község
Püspökmolnári;291000;291000;Vas;község
Rábapaty;398000;398000;Vas;község
Répcelak;396000;411000;Vas;város
Rum;323000;323000;Vas;község
Sárvár;519000;433000;Vas;város
Sé;644000;619000;Vas;község
Sorkifalud;126000;126000;Vas;község
Söpte;366000;366000;Vas;község
Szalafő;513000;513000;Vas;község
Szentgotthárd;465000;363000;Vas;város
Szombathely;592000;533000;Vas;megyeszékhely
Táplánszentkereszt;365000;403000;Vas;község
Torony;476000;347000;Vas;község
Uraiújfalu;195000;195000;Vas;község
Vasasszonyfa;401000;401000;Vas;község
Vaskeresztes;380000;380000;Vas;község
Vasvár;347000;324000;Vas;város
Vasszécseny;342000;342000;Vas;község
Velem;480000;480000;Vas;község
Vép;410000;437000;Vas;város
Vönöck;172000;172000;Vas;község
Ábrahámhegy;1395000;1395000;Veszprém;község
Ajka;466000;372000;Veszprém;város
Alsóörs;1119000;482000;Veszprém;község
Aszófő;840000;0;Veszprém;község
Badacsonytördemic;244000;244000;Veszprém;község
Bakonyoszlop;141000;141000;Veszprém;község
Balatonakali;965000;855000;Veszprém;község
Balatonakarattya;652000;652000;Veszprém;község
Balatonalmádi;1058000;984000;Veszprém;város
Balatonfüred;1245000;1170000;Veszprém;város
Balatonfűzfő;707000;510000;Veszprém;város
Balatonkenese;942000;1049000;Veszprém;város
Balatonszepezd;889000;889000;Veszprém;község
Berhida;434000;392000;Veszprém;város
Csopak;1190000;1274000;Veszprém;község
Devecser;145000;135000;Veszprém;város
Dudar;378000;435000;Veszprém;község
Farkasgyepű;216000;277000;Veszprém;község
Felsőörs;686000;686000;Veszprém;község
Hajmáskér;378000;0;Veszprém;község
Herend;529000;504000;Veszprém;város
Kup;127000;0;Veszprém;község
Lesencefalu;157000;157000;Veszprém;község
Litér;450000;450000;Veszprém;község
Magyargencs;106000;106000;Veszprém;község
Márkó;886000;886000;Veszprém;község
Mezőlak;347000;0;Veszprém;község
Monostorapáti;273000;273000;Veszprém;község
Nagyacsád;247000;247000;Veszprém;község
Nagyvázsony;684000;0;Veszprém;község
Nemesvámos;503000;500000;Veszprém;község
Noszlop;424000;424000;Veszprém;község
Nyárád;156000;156000;Veszprém;község
Ősi;288000;269000;Veszprém;község
Öskü;495000;0;Veszprém;község
Pápa;391000;388000;Veszprém;város
Pétfürdő;421000;0;Veszprém;nagyközség
Sümeg;286000;249000;Veszprém;város
Szentgál;296000;237000;Veszprém;község
Szentkirályszabadja;491000;0;Veszprém;község
Tapolca;456000;95000;Veszprém;város
Tihany;1150000;0;Veszprém;község
Tótvázsony;578000;0;Veszprém;község
Ugod;200000;200000;Veszprém;község
Úrkút;123000;56000;Veszprém;község
Várpalota;503000;413000;Veszprém;város
Vaszar;231000;231000;Veszprém;község
Veszprém;717000;618000;Veszprém;megyeszékhely
Zirc;514000;393000;Veszprém;város
Alsópáhok;431000;383000;Zala;község
Bagod;289000;334000;Zala;község
Balatongyörök;1046000;0;Zala;község
Bánokszentgyörgy;81000;81000;Zala;község
Bázakerettye;189000;204000;Zala;község
Becsehely;266000;279000;Zala;község
Cserszegtomaj;714000;804000;Zala;község
Egervár;353000;0;Zala;község
Felsőpáhok;739000;739000;Zala;község
Fityeház;376000;376000;Zala;község
Galambok;287000;287000;Zala;község
Garabonc;253000;253000;Zala;község
Gellénháza;361000;396000;Zala;község
Gyenesdiás;784000;775000;Zala;nagyközség
Hévíz;795000;542000;Zala;város
Kehidakustány;942000;454000;Zala;község
Keszthely;632000;683000;Zala;város
Lenti;351000;401000;Zala;város
Letenye;238000;232000;Zala;város
Lovászi;169000;208000;Zala;község
Nagykanizsa;379000;389000;Zala;megyei jogú város
Nagyrada;312000;312000;Zala;község
Nagyrécse;238000;238000;Zala;község
Pacsa;199000;161000;Zala;város
Pölöske;265000;265000;Zala;község
Rezi;481000;481000;Zala;község
Sármellék;353000;365000;Zala;község
Sormás;207000;207000;Zala;község
Söjtör;263000;263000;Zala;község
Szepetnek;264000;264000;Zala;község
Teskánd;522000;450000;Zala;község
Tófej;297000;297000;Zala;község
Tótszerdahely;105000;105000;Zala;község
Türje;162000;0;Zala;község
Újudvar;315000;315000;Zala;község
Várvölgy;435000;435000;Zala;község
Vonyarcvashegy;677000;588000;Zala;nagyközség
Zalaapáti;345000;345000;Zala;község
Zalacsány;585000;526000;Zala;község
Zalaegerszeg;511000;485000;Zala;megyeszékhely
Zalakaros;560000;390000;Zala;város
Zalakomár;218000;218000;Zala;nagyközség
Zalalövő;227000;227000;Zala;város
Zalaszántó;298000;298000;Zala;község
Zalaszentgrót;420000;269000;Zala;város
Zalaszentlászló;315000;315000;Zala;község
Zalavár;235000;235000;Zala;község
